# Домашнее задание к занятию «SQL. Часть 2»

---

Задание можно выполнить как в любом IDE, так и в командной строке.

## Задание 1
### Задание
Одним запросом получите информацию о магазине, в котором обслуживается более 300 покупателей, и выведите в результат следующую информацию: 
- фамилия и имя сотрудника из этого магазина;
- город нахождения магазина;
- количество пользователей, закреплённых в этом магазине.

### Ответ
```SQL
mysql> select concat(staff.first_name, ' ', staff.last_name) as staff_name, city.city, count(distinct cust.customer_id) as customers_count from staff as staff join store as store on staff.store_id = store.store_id join address as address on store.address_id = address.address_id join city as city on address.city_id = city.city_id join customer as cust on store.store_id = cust.store_id group by store.store_id, staff.first_name, staff.last_name, city.city having count(distinct cust.customer_id)>300;
+--------------+------------+-----------------+
| staff_name   | city       | customers_count |
+--------------+------------+-----------------+
| Mike Hillyer | Lethbridge |             326 |
+--------------+------------+-----------------+
1 row in set (0.00 sec)
```
---

## Задание 2
### Задание
Получите количество фильмов, продолжительность которых больше средней продолжительности всех фильмов.

### Ответ
```SQL
mysql> select count(*) from film where length > (select avg(length) from film);
+----------+
| count(*) |
+----------+
|      489 |
+----------+
1 row in set (0.01 sec)
```

## Задание 3
### Задание
Получите информацию, за какой месяц была получена наибольшая сумма платежей, и добавьте информацию по количеству аренд за этот месяц.

### Ответ
```SQl
mysql> select date_format(payment_date, '%Y-%m') as month, sum(amount) as income_per_month, count(distinct rental_id) as rents_count from payment group by month order by income_per_month desc limit 1;
+---------+------------------+-------------+
| month   | income_per_month | rents_count |
+---------+------------------+-------------+
| 2005-07 |         28368.91 |        6709 |
+---------+------------------+-------------+
1 row in set (0.01 sec)