# Домашнее задание к занятию «SQL. Часть 1»

---

Задание можно выполнить как в любом IDE, так и в командной строке.

## Задание 1
### Задание
Получите уникальные названия районов из таблицы с адресами, которые начинаются на “K” и заканчиваются на “a” и не содержат пробелов.

### Ответ
```SQL
mysql> select distinct district from address where district like 'K%a' and district not like '% %';
+-----------+
| district  |
+-----------+
| Kanagawa  |
| Kalmykia  |
| Kaduna    |
| Karnataka |
| K?tahya   |
| Kerala    |
| Kitaa     |
+-----------+
7 rows in set (0.01 sec)
```
---

## Задание 2
### Задание
Получите из таблицы платежей за прокат фильмов информацию по платежам, которые выполнялись в промежуток с 15 июня 2005 года по 18 июня 2005 года **включительно** и стоимость которых превышает 10.00.

### Ответ
```SQL
mysql> select cast(payment_date as date), amount from payment where cast(payment_date as date) between "2005-06-15" and "2005-06-18" and amount>10;
+----------------------------+--------+
| cast(payment_date as date) | amount |
+----------------------------+--------+
| 2005-06-15                 |  10.99 |
| 2005-06-17                 |  10.99 |
| 2005-06-17                 |  11.99 |
| 2005-06-18                 |  10.99 |
| 2005-06-16                 |  10.99 |
| 2005-06-15                 |  10.99 |
| 2005-06-17                 |  10.99 |
+----------------------------+--------+
7 rows in set (0.01 sec)
```
---

## Задание 3
### Задание
Получите последние пять аренд фильмов.

### Ответ
```SQL
mysql> select * from rental order by rental_date desc limit 5;
+-----------+---------------------+--------------+-------------+-------------+----------+---------------------+
| rental_id | rental_date         | inventory_id | customer_id | return_date | staff_id | last_update         |
+-----------+---------------------+--------------+-------------+-------------+----------+---------------------+
|     11739 | 2006-02-14 15:16:03 |         4568 |         373 | NULL        |        2 | 2006-02-15 21:30:53 |
|     14616 | 2006-02-14 15:16:03 |         4537 |         532 | NULL        |        1 | 2006-02-15 21:30:53 |
|     11676 | 2006-02-14 15:16:03 |         4496 |         216 | NULL        |        2 | 2006-02-15 21:30:53 |
|     15966 | 2006-02-14 15:16:03 |         4472 |         374 | NULL        |        1 | 2006-02-15 21:30:53 |
|     13486 | 2006-02-14 15:16:03 |         4460 |         274 | NULL        |        1 | 2006-02-15 21:30:53 |
+-----------+---------------------+--------------+-------------+-------------+----------+---------------------+
5 rows in set (0.00 sec)
```
--- 

## Задание 4
### Задание
Одним запросом получите активных покупателей, имена которых Kelly или Willie. 

Сформируйте вывод в результат таким образом:
- все буквы в фамилии и имени из верхнего регистра переведите в нижний регистр,
- замените буквы 'll' в именах на 'pp'.

### Ответ
```SQL
mysql> select first_name, last_name, active, lower(replace(first_name, 'LL', 'PP')), lower(last_name) from customer where first_name like 'Kelly' or first_name like 'Willie' and active=1;
+------------+-----------+--------+----------------------------------------+------------------+
| first_name | last_name | active | lower(replace(first_name, 'LL', 'PP')) | lower(last_name) |
+------------+-----------+--------+----------------------------------------+------------------+
| KELLY      | TORRES    |      1 | keppy                                  | torres           |
| WILLIE     | HOWELL    |      1 | wippie                                 | howell           |
| WILLIE     | MARKHAM   |      1 | wippie                                 | markham          |
| KELLY      | KNOTT     |      1 | keppy                                  | knott            |
+------------+-----------+--------+----------------------------------------+------------------+
4 rows in set (0.00 sec)